table,col,header
CreativeWork_2agenten.com_September2020_CTA.json.gz,1,CreativeWork/name
CreativeWork_biliranisland.com_September2020_CTA.json.gz,3,CreativeWork/name
CreativeWork_biliranisland.com_September2020_CTA.json.gz,4,Person/name
CreativeWork_biodiversitylibrary.org_September2020_CTA.json.gz,2,Language
CreativeWork_bloominggreenflowers.co.uk_September2020_CTA.json.gz,3,Place/name
CreativeWork_callreceived.com_September2020_CTA.json.gz,3,telephone
CreativeWork_cartrade.com_September2020_CTA.json.gz,2,CreativeWork/name
CreativeWork_cityofmulberryfl.org_September2020_CTA.json.gz,0,CreativeWork/name
CreativeWork_cityofmulberryfl.org_September2020_CTA.json.gz,1,Place/name
CreativeWork_cityofmulberryfl.org_September2020_CTA.json.gz,3,Person/name
CreativeWork_edsd.com_September2020_CTA.json.gz,2,telephone
CreativeWork_edsd.com_September2020_CTA.json.gz,4,Organization
CreativeWork_grchampsleague.org_September2020_CTA.json.gz,1,URL
CreativeWork_grchampsleague.org_September2020_CTA.json.gz,6,Place/name
CreativeWork_hp-lexicon.org_September2020_CTA.json.gz,2,CreativeWork/name
CreativeWork_hp-lexicon.org_September2020_CTA.json.gz,5,Organization
CreativeWork_hp-lexicon.org_September2020_CTA.json.gz,6,Person/name
CreativeWork_hwdesign.de_September2020_CTA.json.gz,0,Organization
CreativeWork_inkandfeet.com_September2020_CTA.json.gz,0,CreativeWork/name
CreativeWork_joinbean.com_September2020_CTA.json.gz,2,Organization
CreativeWork_joinbean.com_September2020_CTA.json.gz,0,Organization
CreativeWork_kentconstruction.com_September2020_CTA.json.gz,5,CreativeWork/name
CreativeWork_kettle.black_September2020_CTA.json.gz,2,CreativeWork/name
CreativeWork_kettle.black_September2020_CTA.json.gz,1,CreativeWork/name
CreativeWork_kimposoproperties.com.au_September2020_CTA.json.gz,5,Person/name
CreativeWork_kimposoproperties.com.au_September2020_CTA.json.gz,1,URL
CreativeWork_kimposoproperties.com.au_September2020_CTA.json.gz,3,Place/name
CreativeWork_kimposoproperties.com.au_September2020_CTA.json.gz,2,DateTime
CreativeWork_mangasee123.com_September2020_CTA.json.gz,3,CreativeWork/name
CreativeWork_midsouthcsc.org_September2020_CTA.json.gz,0,Place/name
CreativeWork_midsouthcsc.org_September2020_CTA.json.gz,1,Place/name
CreativeWork_milesnsmilesholidays.com_September2020_CTA.json.gz,0,CreativeWork/name
CreativeWork_milesnsmilesholidays.com_September2020_CTA.json.gz,2,Person/name
CreativeWork_qualtrics.com_September2020_CTA.json.gz,0,CreativeWork/name
CreativeWork_qualtrics.com_September2020_CTA.json.gz,1,CreativeWork/name
CreativeWork_qualtrics.com_September2020_CTA.json.gz,4,Person/name
CreativeWork_qualtrics.com_September2020_CTA.json.gz,7,Organization
CreativeWork_qualtrics.com_September2020_CTA.json.gz,8,Number
CreativeWork_qualtrics.com_September2020_CTA.json.gz,9,Boolean
CreativeWork_socialsecurityofficenear.me_September2020_CTA.json.gz,0,CreativeWork/name
CreativeWork_socialsecurityofficenear.me_September2020_CTA.json.gz,1,CreativeWork
CreativeWork_socialsecurityofficenear.me_September2020_CTA.json.gz,2,Date
CreativeWork_socialsecurityofficenear.me_September2020_CTA.json.gz,3,Date
CreativeWork_socialsecurityofficenear.me_September2020_CTA.json.gz,6,Organization
CreativeWork_structured-data-for-wp.com_September2020_CTA.json.gz,0,CreativeWork/name
CreativeWork_structured-data-for-wp.com_September2020_CTA.json.gz,1,CreativeWork/name
CreativeWork_structured-data-for-wp.com_September2020_CTA.json.gz,3,Person/name
CreativeWork_structured-data-for-wp.com_September2020_CTA.json.gz,5,price
CreativeWork_valleycabinetsinc.com_September2020_CTA.json.gz,3,DateTime
Hotel_accor.com_September2020_CTA.json.gz,3,Hotel/description
Hotel_accor.com_September2020_CTA.json.gz,5,Time
Hotel_accor.com_September2020_CTA.json.gz,8,Time
Hotel_accor.com_September2020_CTA.json.gz,12,LocationFeatureSpecification
Hotel_adagio-city.com_September2020_CTA.json.gz,0,Hotel/name
Hotel_adagio-city.com_September2020_CTA.json.gz,1,telephone
Hotel_adagio-city.com_September2020_CTA.json.gz,3,Time
Hotel_adagio-city.com_September2020_CTA.json.gz,4,Time
Hotel_adagio-city.com_September2020_CTA.json.gz,8,priceRange
Hotel_adagio-city.com_September2020_CTA.json.gz,12,LocationFeatureSpecification
Hotel_alta-badia.net_September2020_CTA.json.gz,0,Hotel/name
Hotel_alta-badia.net_September2020_CTA.json.gz,1,PostalAddress
Hotel_alta-badia.net_September2020_CTA.json.gz,5,Hotel/description
Hotel_alta-badia.net_September2020_CTA.json.gz,3,priceRange
Hotel_anyplace.com_September2020_CTA.json.gz,1,priceRange
Hotel_anyplace.com_September2020_CTA.json.gz,4,LocationFeatureSpecification
Hotel_art-business-hotel.com_September2020_CTA.json.gz,0,Hotel/name
Hotel_art-business-hotel.com_September2020_CTA.json.gz,2,Hotel/description
Hotel_art-business-hotel.com_September2020_CTA.json.gz,3,Time
Hotel_art-business-hotel.com_September2020_CTA.json.gz,4,Time
Hotel_art-business-hotel.com_September2020_CTA.json.gz,5,priceRange
Hotel_avetour.ro_September2020_CTA.json.gz,5,Country
Hotel_avetour.ro_September2020_CTA.json.gz,3,addressLocality
Hotel_avetour.ro_September2020_CTA.json.gz,4,priceRange
Hotel_bringfido.com_September2020_CTA.json.gz,2,priceRange
Hotel_bringfido.com_September2020_CTA.json.gz,0,Hotel/name
Hotel_bringfido.com_September2020_CTA.json.gz,6,Hotel/description
Hotel_bringfido.com_September2020_CTA.json.gz,1,PostalAddress
Hotel_bringfido.com_September2020_CTA.json.gz,9,LocationFeatureSpecification
Hotel_byhours.com_September2020_CTA.json.gz,0,Hotel/name
Hotel_byhours.com_September2020_CTA.json.gz,1,priceRange
Hotel_byhours.com_September2020_CTA.json.gz,2,Boolean
Hotel_byhours.com_September2020_CTA.json.gz,6,paymentAccepted
Hotel_byhours.com_September2020_CTA.json.gz,10,LocationFeatureSpecification
Hotel_carpatour.ro_September2020_CTA.json.gz,6,addressRegion
Hotel_carpatour.ro_September2020_CTA.json.gz,0,Hotel/name
Hotel_carpatour.ro_September2020_CTA.json.gz,2,priceRange
Hotel_damtravel.ro_September2020_CTA.json.gz,0,Hotel/description
Hotel_damtravel.ro_September2020_CTA.json.gz,3,addressRegion
Hotel_dayuse.ie_September2020_CTA.json.gz,4,Hotel/description
Hotel_dayuse.ie_September2020_CTA.json.gz,2,priceRange
Hotel_dayuse.ie_September2020_CTA.json.gz,6,LocationFeatureSpecification
Hotel_dayuse.ie_September2020_CTA.json.gz,0,Hotel/name
Hotel_emmaholidays.ro_September2020_CTA.json.gz,3,addressLocality
Hotel_emmaholidays.ro_September2020_CTA.json.gz,4,Country
Hotel_emmaholidays.ro_September2020_CTA.json.gz,0,Hotel/name
Hotel_gammatour.ro_September2020_CTA.json.gz,4,addressRegion
Hotel_gammatour.ro_September2020_CTA.json.gz,6,Country
Hotel_gammatour.ro_September2020_CTA.json.gz,1,Hotel/name
Hotel_hrs.de_September2020_CTA.json.gz,1,openingHours
Hotel_hrs.de_September2020_CTA.json.gz,2,paymentAccepted
Hotel_hrs.de_September2020_CTA.json.gz,3,addressLocality
Hotel_hrs.de_September2020_CTA.json.gz,9,streetAddress
Hotel_hrs.de_September2020_CTA.json.gz,0,Hotel/name
Hotel_inter-tour.ro_September2020_CTA.json.gz,4,addressLocality
Hotel_inter-tour.ro_September2020_CTA.json.gz,7,Country
Hotel_itravel.com.ro_September2020_CTA.json.gz,3,addressLocality
Hotel_itravel.com.ro_September2020_CTA.json.gz,4,Country
Hotel_itravel.com.ro_September2020_CTA.json.gz,1,Hotel/name
Hotel_itravel.com.ro_September2020_CTA.json.gz,6,priceRange
Hotel_katour.ro_September2020_CTA.json.gz,5,addressLocality
Hotel_katour.ro_September2020_CTA.json.gz,3,Country
Hotel_katour.ro_September2020_CTA.json.gz,0,addressLocality
Hotel_mystays.com_September2020_CTA.json.gz,0,Hotel/name
Hotel_mystays.com_September2020_CTA.json.gz,2,Hotel/description
Hotel_mystays.com_September2020_CTA.json.gz,1,PostalAddress
Hotel_mystays.com_September2020_CTA.json.gz,5,Time
Hotel_mystays.com_September2020_CTA.json.gz,6,priceRange
Hotel_mystays.com_September2020_CTA.json.gz,11,Time
Hotel_mystays.com_September2020_CTA.json.gz,12,LocationFeatureSpecification
Hotel_mystays.com_September2020_CTA.json.gz,4,Photograph
Hotel_o9vacanta.ro_September2020_CTA.json.gz,6,Country
Hotel_o9vacanta.ro_September2020_CTA.json.gz,3,addressLocality
Hotel_o9vacanta.ro_September2020_CTA.json.gz,1,telephone
Hotel_o9vacanta.ro_September2020_CTA.json.gz,0,LocationFeatureSpecification
Hotel_o9vacanta.ro_September2020_CTA.json.gz,2,priceRange
Hotel_ofertesejururi.ro_September2020_CTA.json.gz,6,Country
Hotel_ofertesejururi.ro_September2020_CTA.json.gz,5,addressLocality
Hotel_ofertesejururi.ro_September2020_CTA.json.gz,2,priceRange
Hotel_q-travel.ro_September2020_CTA.json.gz,3,Country
Hotel_q-travel.ro_September2020_CTA.json.gz,4,addressLocality
Hotel_rosemarybeach.com_September2020_CTA.json.gz,2,Place/name
Hotel_rosemarybeach.com_September2020_CTA.json.gz,3,Country
Hotel_seattlevacationhome.com_September2020_CTA.json.gz,2,addressLocality
Hotel_trivago.ae_September2020_CTA.json.gz,0,Hotel/name
Hotel_trivago.ae_September2020_CTA.json.gz,3,Time
Hotel_trivago.ae_September2020_CTA.json.gz,14,LocationFeatureSpecification
Hotel_trivago.ae_September2020_CTA.json.gz,2,Time
Hotel_trivago.ae_September2020_CTA.json.gz,15,paymentAccepted
Hotel_trivago.co.uk_September2020_CTA.json.gz,2,Time
Hotel_trivago.co.uk_September2020_CTA.json.gz,3,Time
Hotel_trivago.co.uk_September2020_CTA.json.gz,4,postalCode
Hotel_trivago.co.uk_September2020_CTA.json.gz,5,addressLocality
Hotel_trivago.co.uk_September2020_CTA.json.gz,6,Country
Hotel_trivago.co.uk_September2020_CTA.json.gz,7,streetAddress
Hotel_trivago.co.uk_September2020_CTA.json.gz,10,paymentAccepted
Hotel_trivago.co.uk_September2020_CTA.json.gz,11,CoordinateAT
Hotel_trivago.co.uk_September2020_CTA.json.gz,12,CoordinateAT
Hotel_trivago.co.uk_September2020_CTA.json.gz,0,Hotel/name
Hotel_trivago.co.uk_September2020_CTA.json.gz,14,LocationFeatureSpecification
Hotel_trivago.com_September2020_CTA.json.gz,0,Hotel/description
Hotel_trivago.com_September2020_CTA.json.gz,2,Time
Hotel_trivago.com_September2020_CTA.json.gz,3,paymentAccepted
Hotel_trivago.com_September2020_CTA.json.gz,4,postalCode
Hotel_trivago.com_September2020_CTA.json.gz,5,addressLocality
Hotel_trivago.com_September2020_CTA.json.gz,6,Country
Hotel_trivago.com_September2020_CTA.json.gz,7,streetAddress
Hotel_trivago.com_September2020_CTA.json.gz,9,Time
Hotel_trivago.com_September2020_CTA.json.gz,11,CoordinateAT
Hotel_trivago.com_September2020_CTA.json.gz,12,CoordinateAT
Hotel_trivago.com_September2020_CTA.json.gz,1,Hotel/name
Hotel_trivago.com_September2020_CTA.json.gz,14,LocationFeatureSpecification
Hotel_truetravel.ro_September2020_CTA.json.gz,5,addressLocality
Hotel_truetravel.ro_September2020_CTA.json.gz,7,Country
Hotel_wotif.co.nz_September2020_CTA.json.gz,1,telephone
Hotel_wotif.co.nz_September2020_CTA.json.gz,2,priceRange
Hotel_wotif.co.nz_September2020_CTA.json.gz,4,Number
Hotel_wotif.co.nz_September2020_CTA.json.gz,3,Hotel/description
Hotel_wotif.co.nz_September2020_CTA.json.gz,7,Review
Hotel_wotif.co.nz_September2020_CTA.json.gz,8,Place/name
JobPosting_4xtrahands.com_September2020_CTA.json.gz,4,MonetaryAmount
JobPosting_4xtrahands.com_September2020_CTA.json.gz,6,workHours
JobPosting_acadiahealthcarecareers.com_September2020_CTA.json.gz,5,JobPosting/description
JobPosting_acadiahealthcarecareers.com_September2020_CTA.json.gz,9,EducationalOccupationalCredential
JobPosting_acadiahealthcarecareers.com_September2020_CTA.json.gz,11,CategoryCode
JobPosting_acadiahealthcarecareers.com_September2020_CTA.json.gz,12,EducationalOccupationalCredential
JobPosting_acornpeople.com_September2020_CTA.json.gz,4,MonetaryAmount
JobPosting_acornpeople.com_September2020_CTA.json.gz,7,Place/name
JobPosting_advanceautoparts.jobs_September2020_CTA.json.gz,2,JobPosting/description
JobPosting_advanceautoparts.jobs_September2020_CTA.json.gz,5,EducationalOccupationalCredential
JobPosting_advanceautoparts.jobs_September2020_CTA.json.gz,6,OccupationalExperienceRequirements
JobPosting_advanceautoparts.jobs_September2020_CTA.json.gz,9,CategoryCode
JobPosting_advancedautism.com_September2020_CTA.json.gz,2,JobPosting/description
JobPosting_advancedautism.com_September2020_CTA.json.gz,5,CategoryCode
JobPosting_advancedautism.com_September2020_CTA.json.gz,6,EducationalOccupationalCredential
JobPosting_adverts.ie_September2020_CTA.json.gz,6,JobPosting/name
JobPosting_adverts.ie_September2020_CTA.json.gz,2,JobPosting/description
JobPosting_adverts.ie_September2020_CTA.json.gz,3,MonetaryAmount
JobPosting_alldus.com_September2020_CTA.json.gz,3,IdentifierAT
JobPosting_alldus.com_September2020_CTA.json.gz,4,JobPosting/description
JobPosting_alldus.com_September2020_CTA.json.gz,9,CategoryCode
JobPosting_apollovetnet.com_September2020_CTA.json.gz,5,EducationalOccupationalCredential
JobPosting_apollovetnet.com_September2020_CTA.json.gz,6,OccupationalExperienceRequirements
JobPosting_apollovetnet.com_September2020_CTA.json.gz,8,EducationalOccupationalCredential
JobPosting_apollovetnet.com_September2020_CTA.json.gz,10,JobPosting/description
JobPosting_apollovetnet.com_September2020_CTA.json.gz,13,IdentifierAT
JobPosting_apollovetnet.com_September2020_CTA.json.gz,15,CategoryCode
JobPosting_appjobs.com_September2020_CTA.json.gz,5,workHours
JobPosting_appjobs.com_September2020_CTA.json.gz,6,EducationalOccupationalCredential
JobPosting_baesystems.com_September2020_CTA.json.gz,2,JobPosting/description
JobPosting_baesystems.com_September2020_CTA.json.gz,4,workHours
JobPosting_baesystems.com_September2020_CTA.json.gz,5,CategoryCode
JobPosting_brightermonday.co.ke_September2020_CTA.json.gz,5,EducationalOccupationalCredential
JobPosting_brightermonday.co.ke_September2020_CTA.json.gz,7,EducationalOccupationalCredential
JobPosting_brightermonday.co.ke_September2020_CTA.json.gz,9,CategoryCode
JobPosting_brightermonday.co.ke_September2020_CTA.json.gz,10,OccupationalExperienceRequirements
JobPosting_brother-usa.com_September2020_CTA.json.gz,3,JobPosting/description
JobPosting_brother-usa.com_September2020_CTA.json.gz,4,workHours
JobPosting_brother-usa.com_September2020_CTA.json.gz,6,CategoryCode
JobPosting_brother-usa.com_September2020_CTA.json.gz,8,Organization
JobPosting_brother-usa.com_September2020_CTA.json.gz,9,IdentifierAT
JobPosting_candidjobs.com_September2020_CTA.json.gz,3,Organization
JobPosting_careermovesnow.com_September2020_CTA.json.gz,3,workHours
JobPosting_careermovesnow.com_September2020_CTA.json.gz,4,CategoryCode
JobPosting_careersingovernment.com_September2020_CTA.json.gz,4,CategoryCode
JobPosting_careersingovernment.com_September2020_CTA.json.gz,0,JobPosting/name
JobPosting_careersingovernment.com_September2020_CTA.json.gz,6,CategoryCode
JobPosting_careersingovernment.com_September2020_CTA.json.gz,7,MonetaryAmount
JobPosting_christianjobs.co.uk_September2020_CTA.json.gz,5,JobPosting/name
JobPosting_costacareers.co.uk_September2020_CTA.json.gz,4,addressLocality
JobPosting_costacareers.co.uk_September2020_CTA.json.gz,5,IdentifierAT
JobPosting_deliveryhero.com_September2020_CTA.json.gz,6,JobPosting/description
JobPosting_deliveryhero.com_September2020_CTA.json.gz,4,workHours
JobPosting_deliveryhero.com_September2020_CTA.json.gz,5,CategoryCode
JobPosting_dyson.com_September2020_CTA.json.gz,2,JobPosting/description
JobPosting_dyson.com_September2020_CTA.json.gz,6,JobPosting/name
JobPosting_dyson.com_September2020_CTA.json.gz,7,PostalAddress
JobPosting_ektello.com_September2020_CTA.json.gz,8,MonetaryAmount
JobPosting_encoremusicians.com_September2020_CTA.json.gz,8,workHours
JobPosting_encoremusicians.com_September2020_CTA.json.gz,9,addressLocality
JobPosting_enigmatixmedia.com_September2020_CTA.json.gz,5,Organization
JobPosting_enigmatixmedia.com_September2020_CTA.json.gz,9,MonetaryAmount
JobPosting_fastjobs.sg_September2020_CTA.json.gz,7,Organization
JobPosting_fastjobs.sg_September2020_CTA.json.gz,5,workHours
JobPosting_fastjobs.sg_September2020_CTA.json.gz,6,CategoryCode
JobPosting_freerecruit.co.za_September2020_CTA.json.gz,7,PostalAddress
JobPosting_freerecruit.co.za_September2020_CTA.json.gz,8,Organization
JobPosting_fusiontaxes.com_September2020_CTA.json.gz,2,JobPosting/name
JobPosting_garysjobboard.com_September2020_CTA.json.gz,4,MonetaryAmount
JobPosting_garysjobboard.com_September2020_CTA.json.gz,9,OccupationalExperienceRequirements
JobPosting_garysjobboard.com_September2020_CTA.json.gz,12,CategoryCode
JobPosting_getonbrd.com_September2020_CTA.json.gz,3,OccupationalExperienceRequirements
JobPosting_greatghanajobs.com_September2020_CTA.json.gz,12,Organization
JobPosting_greatghanajobs.com_September2020_CTA.json.gz,5,workHours
JobPosting_greatghanajobs.com_September2020_CTA.json.gz,7,OccupationalExperienceRequirements
JobPosting_greatghanajobs.com_September2020_CTA.json.gz,10,EducationalOccupationalCredential
JobPosting_greatghanajobs.com_September2020_CTA.json.gz,15,MonetaryAmount
JobPosting_greatghanajobs.com_September2020_CTA.json.gz,16,CategoryCode
JobPosting_greatghanajobs.com_September2020_CTA.json.gz,14,IdentifierAT
JobPosting_hidglobal.com_September2020_CTA.json.gz,3,JobPosting/description
JobPosting_hidglobal.com_September2020_CTA.json.gz,5,JobPosting/name
JobPosting_jiji.ng_September2020_CTA.json.gz,4,workHours
JobPosting_jiji.ng_September2020_CTA.json.gz,6,OccupationalExperienceRequirements
JobPosting_jiji.ng_September2020_CTA.json.gz,8,EducationalOccupationalCredential
JobPosting_jiji.ng_September2020_CTA.json.gz,10,OccupationalExperienceRequirements
JobPosting_medicruit.co.uk_September2020_CTA.json.gz,4,JobPosting/name
JobPosting_medicruit.co.uk_September2020_CTA.json.gz,1,Date
JobPosting_myscience.de_September2020_CTA.json.gz,5,EducationalOccupationalCredential
JobPosting_o2employmentservices.com_September2020_CTA.json.gz,4,MonetaryAmount
JobPosting_o2employmentservices.com_September2020_CTA.json.gz,7,JobPosting/name
JobPosting_o2employmentservices.com_September2020_CTA.json.gz,10,EducationalOccupationalCredential
JobPosting_pragathi.com_September2020_CTA.json.gz,6,CategoryCode
JobPosting_pragathi.com_September2020_CTA.json.gz,7,addressLocality
JobPosting_pragathi.com_September2020_CTA.json.gz,2,OccupationalExperienceRequirements
JobPosting_sittercity.com_September2020_CTA.json.gz,7,IdentifierAT
JobPosting_sittercity.com_September2020_CTA.json.gz,8,currency
JobPosting_tclrec.com_September2020_CTA.json.gz,4,workHours
JobPosting_tclrec.com_September2020_CTA.json.gz,5,OccupationalExperienceRequirements
JobPosting_tclrec.com_September2020_CTA.json.gz,7,IdentifierAT
JobPosting_tclrec.com_September2020_CTA.json.gz,9,currency
JobPosting_tclrec.com_September2020_CTA.json.gz,10,MonetaryAmount
JobPosting_worldnewjob.com_September2020_CTA.json.gz,1,JobPosting/name
JobPosting_worldnewjob.com_September2020_CTA.json.gz,3,CategoryCode
Museum_barnacles.ie_September2020_CTA.json.gz,4,CoordinateAT
Museum_barnacles.ie_September2020_CTA.json.gz,0,Museum/name
Museum_barnacles.ie_September2020_CTA.json.gz,1,PostalAddress
Museum_barnacles.ie_September2020_CTA.json.gz,3,CoordinateAT
Museum_experiencegr.com_September2020_CTA.json.gz,1,Museum/name
Museum_experiencegr.com_September2020_CTA.json.gz,7,CoordinateAT
Museum_heartattached.com_September2020_CTA.json.gz,3,CoordinateAT
Museum_heartattached.com_September2020_CTA.json.gz,0,Museum/name
Museum_heartattached.com_September2020_CTA.json.gz,1,PostalAddress
Museum_mtl.org_September2020_CTA.json.gz,8,addressRegion
Museum_mtl.org_September2020_CTA.json.gz,0,Museum/name
Museum_thisisdurham.com_September2020_CTA.json.gz,0,Museum/name
Museum_thisisdurham.com_September2020_CTA.json.gz,2,postalCode
Museum_thisisdurham.com_September2020_CTA.json.gz,3,addressRegion
Museum_thisisdurham.com_September2020_CTA.json.gz,6,CoordinateAT
Museum_visitaarhusregion.com_September2020_CTA.json.gz,0,Museum/name
Museum_visitaarhusregion.com_September2020_CTA.json.gz,3,postalCode
Museum_visitmanchester.com_September2020_CTA.json.gz,0,Museum/name
Museum_visitmanchester.com_September2020_CTA.json.gz,2,postalCode
Museum_visitmanchester.com_September2020_CTA.json.gz,5,CoordinateAT
Museum_visitnordjylland.com_September2020_CTA.json.gz,0,Museum/name
Museum_visitnordjylland.com_September2020_CTA.json.gz,5,Country
Museum_visitnordjylland.com_September2020_CTA.json.gz,8,postalCode
Museum_visitnordjylland.com_September2020_CTA.json.gz,6,CoordinateAT
Museum_visitnyborg.com_September2020_CTA.json.gz,0,Museum/name
Museum_visitnyborg.com_September2020_CTA.json.gz,3,streetAddress
Museum_visitsvendborg.com_September2020_CTA.json.gz,0,Museum/name
Museum_visitsvendborg.com_September2020_CTA.json.gz,2,postalCode
Museum_visitsvendborg.com_September2020_CTA.json.gz,6,Country
Museum_visitsvendborg.com_September2020_CTA.json.gz,7,CoordinateAT
MusicAlbum_acharts.co_September2020_CTA.json.gz,1,price
MusicAlbum_acharts.co_September2020_CTA.json.gz,2,MusicRecording/name
MusicAlbum_acharts.co_September2020_CTA.json.gz,0,MusicAlbum/name
MusicAlbum_acharts.co_September2020_CTA.json.gz,4,MusicArtistAT
MusicAlbum_alligator.com_September2020_CTA.json.gz,0,MusicAlbum/name
MusicAlbum_alligator.com_September2020_CTA.json.gz,1,MusicRecording/name
MusicAlbum_allmusic.com_September2020_CTA.json.gz,2,MusicRecording/name
MusicAlbum_allmusic.com_September2020_CTA.json.gz,3,MusicArtistAT
MusicAlbum_allmusic.com_September2020_CTA.json.gz,0,MusicAlbum/name
MusicAlbum_annielynn.net_September2020_CTA.json.gz,0,MusicRecording/name
MusicAlbum_annielynn.net_September2020_CTA.json.gz,2,MusicRecording/name
MusicAlbum_apple.com_September2020_CTA.json.gz,1,MusicAlbum/name
MusicAlbum_castlebay.net_September2020_CTA.json.gz,1,price
MusicAlbum_castlebay.net_September2020_CTA.json.gz,0,MusicAlbum/name
MusicAlbum_castlebay.net_September2020_CTA.json.gz,4,MusicRecording/name
MusicAlbum_castlebay.net_September2020_CTA.json.gz,5,MusicArtistAT
MusicAlbum_creetiq.com_September2020_CTA.json.gz,3,Date
MusicAlbum_creetiq.com_September2020_CTA.json.gz,0,MusicAlbum/name
MusicAlbum_creetiq.com_September2020_CTA.json.gz,2,MusicArtistAT
MusicAlbum_elliottmurphy.com_September2020_CTA.json.gz,0,MusicRecording/name
MusicAlbum_elliottmurphy.com_September2020_CTA.json.gz,4,MusicRecording/name
MusicAlbum_elliottmurphy.com_September2020_CTA.json.gz,3,MusicArtistAT
MusicAlbum_freaktrix.com_September2020_CTA.json.gz,2,Date
MusicAlbum_freaktrix.com_September2020_CTA.json.gz,0,MusicRecording/name
MusicAlbum_freaktrix.com_September2020_CTA.json.gz,1,MusicArtistAT
MusicAlbum_hive.co.uk_September2020_CTA.json.gz,6,price
MusicAlbum_hive.co.uk_September2020_CTA.json.gz,2,Date
MusicAlbum_hive.co.uk_September2020_CTA.json.gz,7,MusicRecording/name
MusicAlbum_hive.co.uk_September2020_CTA.json.gz,0,MusicAlbum/name
MusicAlbum_hive.co.uk_September2020_CTA.json.gz,5,MusicArtistAT
MusicAlbum_soulandfunkmusic.com_September2020_CTA.json.gz,2,MusicRecording/name
MusicAlbum_soulandfunkmusic.com_September2020_CTA.json.gz,4,MusicAlbum/name
Place_bluesheets.com_September2020_CTA.json.gz,0,Place/name
Place_bluesheets.com_September2020_CTA.json.gz,6,CoordinateAT
Place_bluesheets.com_September2020_CTA.json.gz,7,CoordinateAT
Place_bluesheets.com_September2020_CTA.json.gz,4,addressRegion
Place_bluesheets.com_September2020_CTA.json.gz,3,postalCode
Place_bluesheets.com_September2020_CTA.json.gz,5,streetAddress
Place_bluesheets.com_September2020_CTA.json.gz,2,Country
Place_ca.gov_September2020_CTA.json.gz,0,Place/name
Place_ca.gov_September2020_CTA.json.gz,1,addressLocality
Place_ca.gov_September2020_CTA.json.gz,2,postalCode
Place_ca.gov_September2020_CTA.json.gz,3,addressRegion
Place_ca.gov_September2020_CTA.json.gz,4,Country
Place_ca.gov_September2020_CTA.json.gz,5,streetAddress
Place_classicskatespots.com_September2020_CTA.json.gz,0,addressLocality
Place_classicskatespots.com_September2020_CTA.json.gz,2,PostalAddress
Place_classicskatespots.com_September2020_CTA.json.gz,3,CoordinateAT
Place_classicskatespots.com_September2020_CTA.json.gz,4,CoordinateAT
Place_classicskatespots.com_September2020_CTA.json.gz,5,postalCode
Place_demcastusa.com_September2020_CTA.json.gz,0,Place/name
Place_demcastusa.com_September2020_CTA.json.gz,1,addressRegion
Place_demcastusa.com_September2020_CTA.json.gz,2,CoordinateAT
Place_demcastusa.com_September2020_CTA.json.gz,3,CoordinateAT
Place_demcastusa.com_September2020_CTA.json.gz,4,Country
Place_jobsgalore.eu_September2020_CTA.json.gz,6,Place/name
Place_propertyfinder.qa_September2020_CTA.json.gz,0,addressLocality
Place_sykehuset-ostfold.no_September2020_CTA.json.gz,1,streetAddress
Place_sykehuset-ostfold.no_September2020_CTA.json.gz,0,streetAddress
Place_sykehuset-ostfold.no_September2020_CTA.json.gz,3,DayOfWeek
Place_wcpres.org_September2020_CTA.json.gz,1,LocationFeatureSpecification
Place_wcpres.org_September2020_CTA.json.gz,2,CoordinateAT
Place_wcpres.org_September2020_CTA.json.gz,3,CoordinateAT
Place_whattodo-vi.com_September2020_CTA.json.gz,5,addressLocality
Place_whattodo-vi.com_September2020_CTA.json.gz,3,Country
Recipe_cupidonsitesweb.com_September2020_CTA.json.gz,0,Organization
Recipe_egglesscooking.com_September2020_CTA.json.gz,1,ItemList
Recipe_egglesscooking.com_September2020_CTA.json.gz,24,Energy
Recipe_endlesstable.org_September2020_CTA.json.gz,0,Recipe/name
Recipe_endlesstable.org_September2020_CTA.json.gz,1,ItemList
Recipe_endlesstable.org_September2020_CTA.json.gz,4,QuantitativeValue
Recipe_fitnessontoast.com_September2020_CTA.json.gz,1,Recipe/description
Recipe_fitnessontoast.com_September2020_CTA.json.gz,0,Recipe/description
Recipe_katyscookin.com_September2020_CTA.json.gz,0,Recipe/name
Recipe_katyscookin.com_September2020_CTA.json.gz,1,Recipe/name
Recipe_katyscookin.com_September2020_CTA.json.gz,2,QuantitativeValue
Recipe_keenforketo.com_September2020_CTA.json.gz,1,Recipe/description
Recipe_keenforketo.com_September2020_CTA.json.gz,10,Duration
Recipe_keenforketo.com_September2020_CTA.json.gz,11,RestrictedDiet
Recipe_keenforketo.com_September2020_CTA.json.gz,18,Energy
Recipe_keytomylime.com_September2020_CTA.json.gz,0,Recipe/description
Recipe_keytomylime.com_September2020_CTA.json.gz,10,Duration
Recipe_keytomylime.com_September2020_CTA.json.gz,16,Mass
Recipe_keytomylime.com_September2020_CTA.json.gz,11,RestrictedDiet
Recipe_keytomylime.com_September2020_CTA.json.gz,18,Energy
Recipe_kitchenjoyblog.com_September2020_CTA.json.gz,0,ItemList
Recipe_kitchenjoyblog.com_September2020_CTA.json.gz,1,Recipe/name
Recipe_kitchenjoyblog.com_September2020_CTA.json.gz,2,Duration
Recipe_kitchenjoyblog.com_September2020_CTA.json.gz,4,QuantitativeValue
Recipe_knowrishwell.com_September2020_CTA.json.gz,3,Recipe/description
Recipe_knowrishwell.com_September2020_CTA.json.gz,14,Energy
Recipe_knowrishwell.com_September2020_CTA.json.gz,9,RestrictedDiet
Recipe_kscuisine.com_September2020_CTA.json.gz,0,Recipe/name
Recipe_kscuisine.com_September2020_CTA.json.gz,1,Recipe/description
Recipe_kscuisine.com_September2020_CTA.json.gz,2,QuantitativeValue
Recipe_kscuisine.com_September2020_CTA.json.gz,5,Duration
Recipe_kscuisine.com_September2020_CTA.json.gz,10,ItemList
Recipe_kscuisine.com_September2020_CTA.json.gz,16,Duration
Recipe_livelovegracefully.blog_September2020_CTA.json.gz,9,Duration
Recipe_livelovegracefully.blog_September2020_CTA.json.gz,4,Duration
Recipe_livelovegracefully.blog_September2020_CTA.json.gz,2,Date
Recipe_livelovegracefully.blog_September2020_CTA.json.gz,3,Duration
Recipe_livelovegracefully.blog_September2020_CTA.json.gz,7,Duration
Recipe_livelovegracefully.blog_September2020_CTA.json.gz,13,Mass
Recipe_livelovegracefully.blog_September2020_CTA.json.gz,16,Mass
Recipe_livelovegracefully.blog_September2020_CTA.json.gz,21,Mass
Recipe_livelovegracefully.blog_September2020_CTA.json.gz,19,Mass
Recipe_livelovegracefully.blog_September2020_CTA.json.gz,17,Mass
Recipe_livelovegracefully.blog_September2020_CTA.json.gz,12,Mass
Recipe_livelovegracefully.blog_September2020_CTA.json.gz,15,Mass
Recipe_livelovegracefully.blog_September2020_CTA.json.gz,20,Mass
Recipe_livelovegracefully.blog_September2020_CTA.json.gz,18,Energy
Recipe_livelovegracefully.blog_September2020_CTA.json.gz,14,RestrictedDiet
Recipe_moonandspoonandyum.com_September2020_CTA.json.gz,1,Recipe/description
Recipe_moonandspoonandyum.com_September2020_CTA.json.gz,5,Duration
Recipe_moonandspoonandyum.com_September2020_CTA.json.gz,6,Duration
Recipe_moonandspoonandyum.com_September2020_CTA.json.gz,16,RestrictedDiet
Recipe_moonandspoonandyum.com_September2020_CTA.json.gz,20,Energy
Recipe_neighborfoodblog.com_September2020_CTA.json.gz,1,Recipe/description
Recipe_neighborfoodblog.com_September2020_CTA.json.gz,16,Mass
Recipe_neighborfoodblog.com_September2020_CTA.json.gz,17,Energy
Recipe_neighborfoodblog.com_September2020_CTA.json.gz,18,Mass
Recipe_neighborfoodblog.com_September2020_CTA.json.gz,19,Mass
Recipe_neighborfoodblog.com_September2020_CTA.json.gz,20,Mass
Recipe_neighborfoodblog.com_September2020_CTA.json.gz,21,Mass
Recipe_neighborfoodblog.com_September2020_CTA.json.gz,22,Mass
Recipe_neighborfoodblog.com_September2020_CTA.json.gz,23,Mass
Recipe_neighborfoodblog.com_September2020_CTA.json.gz,10,Duration
Recipe_nomnomglutenfree.com_September2020_CTA.json.gz,20,Energy
Recipe_nomnomglutenfree.com_September2020_CTA.json.gz,10,Duration
Recipe_nomnomglutenfree.com_September2020_CTA.json.gz,11,RestrictedDiet
Recipe_nuggetmarket.com_September2020_CTA.json.gz,0,Recipe/name
Recipe_nuggetmarket.com_September2020_CTA.json.gz,1,ItemList
Recipe_nuggetmarket.com_September2020_CTA.json.gz,4,QuantitativeValue
Recipe_nuggetmarket.com_September2020_CTA.json.gz,5,Duration
Recipe_nuggetmarket.com_September2020_CTA.json.gz,6,Duration
Recipe_oceanspray.com_September2020_CTA.json.gz,0,Recipe/name
Recipe_oceanspray.com_September2020_CTA.json.gz,1,ItemList
Recipe_oceanspray.com_September2020_CTA.json.gz,3,Duration
Recipe_oceanspray.com_September2020_CTA.json.gz,6,QuantitativeValue
Recipe_olivado.com_September2020_CTA.json.gz,4,Recipe/description
Recipe_olivado.com_September2020_CTA.json.gz,1,ItemList
Recipe_olivado.com_September2020_CTA.json.gz,13,RestrictedDiet
Recipe_onsuttonplace.com_September2020_CTA.json.gz,0,Recipe/name
Recipe_onsuttonplace.com_September2020_CTA.json.gz,1,Recipe/description
Recipe_onsuttonplace.com_September2020_CTA.json.gz,2,QuantitativeValue
Recipe_onsuttonplace.com_September2020_CTA.json.gz,4,Duration
Recipe_onsuttonplace.com_September2020_CTA.json.gz,6,Duration
Recipe_onsuttonplace.com_September2020_CTA.json.gz,9,ItemList
Recipe_passmesometasty.com_September2020_CTA.json.gz,22,Mass
Recipe_passmesometasty.com_September2020_CTA.json.gz,2,QuantitativeValue
Recipe_passmesometasty.com_September2020_CTA.json.gz,25,Review
Recipe_passmesometasty.com_September2020_CTA.json.gz,0,Recipe/name
Recipe_passmesometasty.com_September2020_CTA.json.gz,1,Recipe/description
Recipe_passmesometasty.com_September2020_CTA.json.gz,11,RestrictedDiet
Recipe_rachelpaulsfood.com_September2020_CTA.json.gz,1,Recipe/description
Recipe_rachelpaulsfood.com_September2020_CTA.json.gz,2,Recipe/description
Recipe_rachelpaulsfood.com_September2020_CTA.json.gz,5,Duration
Recipe_rachelpaulsfood.com_September2020_CTA.json.gz,6,Duration
Recipe_rachelpaulsfood.com_September2020_CTA.json.gz,7,Duration
Recipe_servingupsimplicity.net_September2020_CTA.json.gz,3,QuantitativeValue
Recipe_servingupsimplicity.net_September2020_CTA.json.gz,17,Energy
Recipe_servingupsimplicity.net_September2020_CTA.json.gz,19,RestrictedDiet
Recipe_thehealthyconsultant.com_September2020_CTA.json.gz,17,Energy
Recipe_thehealthyconsultant.com_September2020_CTA.json.gz,14,RestrictedDiet
Recipe_thepassportkitchen.com_September2020_CTA.json.gz,9,Duration
Recipe_thepassportkitchen.com_September2020_CTA.json.gz,1,Recipe/description
Recipe_thepassportkitchen.com_September2020_CTA.json.gz,10,RestrictedDiet
Recipe_thepassportkitchen.com_September2020_CTA.json.gz,12,ItemList
Restaurant_amorepizzabyjackcalandra.com_September2020_CTA.json.gz,5,priceRange
Restaurant_amorepizzabyjackcalandra.com_September2020_CTA.json.gz,0,Restaurant/name
Restaurant_amorepizzabyjackcalandra.com_September2020_CTA.json.gz,3,Boolean
Restaurant_amorepizzabyjackcalandra.com_September2020_CTA.json.gz,9,postalCode
Restaurant_amorepizzabyjackcalandra.com_September2020_CTA.json.gz,12,CoordinateAT
Restaurant_buffalowingsandrings.com_September2020_CTA.json.gz,13,Time
Restaurant_buffalowingsandrings.com_September2020_CTA.json.gz,0,Restaurant/name
Restaurant_buffalowingsandrings.com_September2020_CTA.json.gz,3,priceRange
Restaurant_buffalowingsandrings.com_September2020_CTA.json.gz,12,DayOfWeek
Restaurant_daveandbusters.com_September2020_CTA.json.gz,11,Time
Restaurant_daveandbusters.com_September2020_CTA.json.gz,2,Boolean
Restaurant_daveandbusters.com_September2020_CTA.json.gz,1,Restaurant/name
Restaurant_eat-list.fr_September2020_CTA.json.gz,2,priceRange
Restaurant_eat-list.fr_September2020_CTA.json.gz,4,Boolean
Restaurant_elranchorestaurantpinetop.com_September2020_CTA.json.gz,0,Restaurant/name
Restaurant_elranchorestaurantpinetop.com_September2020_CTA.json.gz,1,Boolean
Restaurant_fastfoodinusa.com_September2020_CTA.json.gz,4,openingHours
Restaurant_fastfoodinusa.com_September2020_CTA.json.gz,0,PostalAddress
Restaurant_giraffe.net_September2020_CTA.json.gz,0,Place/name
Restaurant_giraffe.net_September2020_CTA.json.gz,3,priceRange
Restaurant_giraffe.net_September2020_CTA.json.gz,4,openingHours
Restaurant_giraffe.net_September2020_CTA.json.gz,5,Boolean
Restaurant_giraffe.net_September2020_CTA.json.gz,6,Place/name
Restaurant_hackney.co.uk_September2020_CTA.json.gz,2,addressLocality
Restaurant_hackney.co.uk_September2020_CTA.json.gz,0,Restaurant/name
Restaurant_joeys.ca_September2020_CTA.json.gz,0,Restaurant/name
Restaurant_joeys.ca_September2020_CTA.json.gz,3,Number
Restaurant_jumia.ug_September2020_CTA.json.gz,6,addressLocality
Restaurant_jumia.ug_September2020_CTA.json.gz,5,Country
Restaurant_jumia.ug_September2020_CTA.json.gz,17,postalCode
Restaurant_jumia.ug_September2020_CTA.json.gz,0,Restaurant/name
Restaurant_jumia.ug_September2020_CTA.json.gz,3,priceRange
Restaurant_jumia.ug_September2020_CTA.json.gz,7,paymentAccepted
Restaurant_jumia.ug_September2020_CTA.json.gz,12,DayOfWeek
Restaurant_jumia.ug_September2020_CTA.json.gz,16,Review
Restaurant_lavillafoch.fr_September2020_CTA.json.gz,2,priceRange
Restaurant_lavillafoch.fr_September2020_CTA.json.gz,4,Boolean
Restaurant_lavillafoch.fr_September2020_CTA.json.gz,0,Restaurant/name
Restaurant_lavillafoch.fr_September2020_CTA.json.gz,14,Time
Restaurant_lavillafoch.fr_September2020_CTA.json.gz,12,Time
Restaurant_lavillafoch.fr_September2020_CTA.json.gz,17,DayOfWeek
Restaurant_marinabaysands.com_September2020_CTA.json.gz,7,Country
Restaurant_marinabaysands.com_September2020_CTA.json.gz,1,Restaurant/name
Restaurant_menumate.com.au_September2020_CTA.json.gz,1,Restaurant/name
Restaurant_menumate.com.au_September2020_CTA.json.gz,3,paymentAccepted
Restaurant_moes.com_September2020_CTA.json.gz,7,Country
Restaurant_moes.com_September2020_CTA.json.gz,0,Restaurant/name
Restaurant_moes.com_September2020_CTA.json.gz,3,openingHours
Restaurant_nctriangledining.com_September2020_CTA.json.gz,0,Restaurant/name
Restaurant_nctriangledining.com_September2020_CTA.json.gz,3,priceRange
Restaurant_nctriangledining.com_September2020_CTA.json.gz,1,PostalAddress
Restaurant_newks.com_September2020_CTA.json.gz,0,Restaurant/name
Restaurant_newks.com_September2020_CTA.json.gz,7,paymentAccepted
Restaurant_newks.com_September2020_CTA.json.gz,12,Time
Restaurant_newks.com_September2020_CTA.json.gz,13,DayOfWeek
Restaurant_newks.com_September2020_CTA.json.gz,14,Time
Restaurant_playwinterpark.com_September2020_CTA.json.gz,0,telephone
Restaurant_playwinterpark.com_September2020_CTA.json.gz,1,Restaurant/name
Restaurant_playwinterpark.com_September2020_CTA.json.gz,11,Time
Restaurant_playwinterpark.com_September2020_CTA.json.gz,9,Time
Restaurant_playwinterpark.com_September2020_CTA.json.gz,10,DayOfWeek
Restaurant_portlandrestaurants.com_September2020_CTA.json.gz,4,openingHours
Restaurant_portlandrestaurants.com_September2020_CTA.json.gz,0,Restaurant/name
Restaurant_portlandrestaurants.com_September2020_CTA.json.gz,9,URL
Restaurant_srqreviews.com_September2020_CTA.json.gz,2,openingHours
Restaurant_srqreviews.com_September2020_CTA.json.gz,1,telephone
Restaurant_srqreviews.com_September2020_CTA.json.gz,5,Boolean
Restaurant_viamichelin.com_September2020_CTA.json.gz,1,Restaurant/name
Restaurant_viamichelin.com_September2020_CTA.json.gz,11,Review
Restaurant_viamichelin.nl_September2020_CTA.json.gz,1,telephone
Restaurant_viamichelin.nl_September2020_CTA.json.gz,11,Review
Restaurant_viamichelin.nl_September2020_CTA.json.gz,2,priceRange
Restaurant_walk-ons.com_September2020_CTA.json.gz,0,Restaurant/name
Restaurant_walk-ons.com_September2020_CTA.json.gz,10,DayOfWeek
Restaurant_walk-ons.com_September2020_CTA.json.gz,11,Time
Restaurant_walk-ons.com_September2020_CTA.json.gz,13,Time
Restaurant_wedelivercove.com_September2020_CTA.json.gz,0,Restaurant/name
Restaurant_wedelivercove.com_September2020_CTA.json.gz,4,priceRange
SportsEvent_adorofutebol.com.br_September2020_CTA.json.gz,2,SportsTeam
SportsEvent_adorofutebol.com.br_September2020_CTA.json.gz,0,SportsEvent/name
SportsEvent_agawamaxe.com_September2020_CTA.json.gz,2,Person/name
SportsEvent_agawamaxe.com_September2020_CTA.json.gz,1,SportsEvent/name
SportsEvent_allsportdb.com_September2020_CTA.json.gz,0,SportsEvent/name
SportsEvent_alwynrobinson.com_September2020_CTA.json.gz,0,SportsEvent/name
SportsEvent_alwynrobinson.com_September2020_CTA.json.gz,2,SportsTeam
SportsEvent_arabianhorselive.com_September2020_CTA.json.gz,0,SportsEvent/name
SportsEvent_baseballscotland.com_September2020_CTA.json.gz,0,SportsEvent/name
SportsEvent_baseballscotland.com_September2020_CTA.json.gz,2,SportsTeam
SportsEvent_bet4win.it_September2020_CTA.json.gz,0,SportsEvent/name
SportsEvent_betbot.soccer_September2020_CTA.json.gz,5,SportsTeam
SportsEvent_betbot.soccer_September2020_CTA.json.gz,3,SportsTeam
SportsEvent_betbot.soccer_September2020_CTA.json.gz,1,SportsEvent/name
SportsEvent_betsfan.com_September2020_CTA.json.gz,1,SportsEvent/name
SportsEvent_betsfan.com_September2020_CTA.json.gz,3,EventAttendanceModeEnumeration
SportsEvent_betsfan.com_September2020_CTA.json.gz,4,SportsTeam
SportsEvent_betsfan.com_September2020_CTA.json.gz,5,SportsTeam
SportsEvent_maak-agenda.nl_September2020_CTA.json.gz,7,SportsTeam
SportsEvent_maak-agenda.nl_September2020_CTA.json.gz,0,SportsEvent/name
SportsEvent_maak-agenda.nl_September2020_CTA.json.gz,5,SportsTeam
TVEpisode_complex.com_September2020_CTA.json.gz,0,TVEpisode/name
TVEpisode_complex.com_September2020_CTA.json.gz,3,CreativeWorkSeries
TVEpisode_couchtuner.page_September2020_CTA.json.gz,0,TVEpisode/name
TVEpisode_couchtuner.page_September2020_CTA.json.gz,2,CreativeWorkSeries
TVEpisode_cwtv.com_September2020_CTA.json.gz,0,TVEpisode/name
TVEpisode_cwtv.com_September2020_CTA.json.gz,2,CreativeWorkSeries
TVEpisode_delegaterevolt.com_September2020_CTA.json.gz,1,TVEpisode/name
TVEpisode_delegaterevolt.com_September2020_CTA.json.gz,2,CreativeWorkSeries
TVEpisode_fmovies.dev_September2020_CTA.json.gz,0,TVEpisode/name
TVEpisode_fmovies.dev_September2020_CTA.json.gz,2,CreativeWorkSeries
TVEpisode_go-stream.fun_September2020_CTA.json.gz,0,TVEpisode/name
TVEpisode_go-stream.fun_September2020_CTA.json.gz,3,CreativeWorkSeries
TVEpisode_gostream.plus_September2020_CTA.json.gz,1,TVEpisode/name
TVEpisode_gostream.plus_September2020_CTA.json.gz,5,CreativeWorkSeries
TVEpisode_gostream123.pw_September2020_CTA.json.gz,0,TVEpisode/name
TVEpisode_gostream123.pw_September2020_CTA.json.gz,5,CreativeWorkSeries
TVEpisode_gslps.org_September2020_CTA.json.gz,1,TVEpisode/name
TVEpisode_gslps.org_September2020_CTA.json.gz,2,CreativeWorkSeries
TVEpisode_tvshowsepisodes.com_September2020_CTA.json.gz,0,TVEpisode/name
TVEpisode_tvshowsepisodes.com_September2020_CTA.json.gz,2,CreativeWorkSeries
Book_artforum.sk_September2020_CTA.json.gz,0,Book/name
Book_artforum.sk_September2020_CTA.json.gz,1,Book/description
Book_artforum.sk_September2020_CTA.json.gz,5,OfferItemCondition
Book_artforum.sk_September2020_CTA.json.gz,6,ItemAvailability
Book_auth-e83.co.uk_September2020_CTA.json.gz,9,Person/name
Book_auth-e83.co.uk_September2020_CTA.json.gz,2,BookFormatType
Book_auth-e83.co.uk_September2020_CTA.json.gz,6,Language
Book_ayshazencats.co.uk_September2020_CTA.json.gz,7,Person/name
Book_ayshazencats.co.uk_September2020_CTA.json.gz,6,BookFormatType
Book_ayshazencats.co.uk_September2020_CTA.json.gz,5,Language
Book_bartleby.com_September2020_CTA.json.gz,3,BookFormatType
Book_bartleby.com_September2020_CTA.json.gz,5,Language
Book_bibliocommons.com_September2020_CTA.json.gz,0,Book/name
Book_bibliocommons.com_September2020_CTA.json.gz,1,Book/description
Book_bibliocommons.com_September2020_CTA.json.gz,5,Person/name
Book_bibliopolis.com_September2020_CTA.json.gz,0,Book/name
Book_bibliopolis.com_September2020_CTA.json.gz,1,Book/description
Book_bibliopolis.com_September2020_CTA.json.gz,6,price
Book_bibliopolis.com_September2020_CTA.json.gz,5,ItemAvailability
Book_bibliotekfh.se_September2020_CTA.json.gz,3,BookFormatType
Book_bibliotekfh.se_September2020_CTA.json.gz,2,Person/name
Book_bibliotekfh.se_September2020_CTA.json.gz,0,Book/name
Book_boekhandeldouwes.nl_September2020_CTA.json.gz,1,Book/description
Book_boekhandeldouwes.nl_September2020_CTA.json.gz,5,Language
Book_boekhandeldouwes.nl_September2020_CTA.json.gz,9,OfferItemCondition
Book_bookdepot.com_September2020_CTA.json.gz,4,BookFormatType
Book_bookdepot.com_September2020_CTA.json.gz,1,Book/description
Book_bookdepot.com_September2020_CTA.json.gz,0,Book/name
Book_bookdepot.com_September2020_CTA.json.gz,6,Language
Book_booko.co.nz_September2020_CTA.json.gz,2,BookFormatType
Book_booko.co.nz_September2020_CTA.json.gz,0,IdentifierAT
Book_cambridge.org_September2020_CTA.json.gz,1,Book/name
Book_cambridge.org_September2020_CTA.json.gz,3,BookFormatType
Book_cambridge.org_September2020_CTA.json.gz,7,ItemAvailability
Book_cathykelly.co.uk_September2020_CTA.json.gz,4,Date
Book_cathykelly.co.uk_September2020_CTA.json.gz,7,IdentifierAT
Book_cathykelly.co.uk_September2020_CTA.json.gz,0,Book/name
Book_cathykelly.co.uk_September2020_CTA.json.gz,1,Book/description
Book_cathykelly.co.uk_September2020_CTA.json.gz,3,BookFormatType
Book_dreamspinnerpress.com_September2020_CTA.json.gz,7,price
Book_dreamspinnerpress.com_September2020_CTA.json.gz,1,Book/description
Book_dreamspinnerpress.com_September2020_CTA.json.gz,0,Book/name
Book_edizioniterrasanta.it_September2020_CTA.json.gz,2,BookFormatType
Book_edizioniterrasanta.it_September2020_CTA.json.gz,5,Language
Book_edizioniterrasanta.it_September2020_CTA.json.gz,0,Book/description
Book_edizioniterrasanta.it_September2020_CTA.json.gz,1,Book/name
Book_hachetteaudio.com_September2020_CTA.json.gz,1,Book/description
Book_hachetteaudio.com_September2020_CTA.json.gz,7,Date
Book_hachetteaudio.com_September2020_CTA.json.gz,3,IdentifierAT
Book_itbook.store_September2020_CTA.json.gz,10,price
Book_itbook.store_September2020_CTA.json.gz,13,price
Book_itbook.store_September2020_CTA.json.gz,2,BookFormatType
Book_itbook.store_September2020_CTA.json.gz,0,Book/name
Book_itbook.store_September2020_CTA.json.gz,5,Language
Book_klinebooks.com_September2020_CTA.json.gz,3,price
Book_klinebooks.com_September2020_CTA.json.gz,4,ItemAvailability
Book_klinebooks.com_September2020_CTA.json.gz,0,Book/name
Book_multimediabooks.site_September2020_CTA.json.gz,4,Number
Book_multimediabooks.site_September2020_CTA.json.gz,3,Date
Book_multimediabooks.site_September2020_CTA.json.gz,2,BookFormatType
Book_multimediabooks.site_September2020_CTA.json.gz,6,Language
Book_multimediabooks.site_September2020_CTA.json.gz,1,Book/description
Book_newrubyeventcatering.co.uk_September2020_CTA.json.gz,8,Person/name
Book_newrubyeventcatering.co.uk_September2020_CTA.json.gz,1,Book/description
Book_newrubyeventcatering.co.uk_September2020_CTA.json.gz,0,Book/name
Book_newrubyeventcatering.co.uk_September2020_CTA.json.gz,6,Language
Book_newrubyeventcatering.co.uk_September2020_CTA.json.gz,9,BookFormatType
Book_newrubyeventcatering.co.uk_September2020_CTA.json.gz,12,Review
Event_313cafe.com_September2020_CTA.json.gz,3,streetAddress
Event_313cafe.com_September2020_CTA.json.gz,5,Event/description
Event_313cafe.com_September2020_CTA.json.gz,0,Date
Event_313cafe.com_September2020_CTA.json.gz,2,Date
Event_aginggracefully.tv_September2020_CTA.json.gz,5,Organization
Event_aginggracefully.tv_September2020_CTA.json.gz,1,Organization
Event_aginggracefully.tv_September2020_CTA.json.gz,6,category
Event_agilepainrelief.com_September2020_CTA.json.gz,2,Event/description
Event_agilepainrelief.com_September2020_CTA.json.gz,4,EventAttendanceModeEnumeration
Event_agilepainrelief.com_September2020_CTA.json.gz,5,EventStatusType
Event_agilepainrelief.com_September2020_CTA.json.gz,10,ItemAvailability
Event_aiapa.org_September2020_CTA.json.gz,5,currency
Event_aiapa.org_September2020_CTA.json.gz,6,DateTime
Event_aiapa.org_September2020_CTA.json.gz,7,category
Event_aiapa.org_September2020_CTA.json.gz,9,ItemAvailability
Event_aiapa.org_September2020_CTA.json.gz,10,Organization
Event_aiapa.org_September2020_CTA.json.gz,11,price
Event_aidansredenvelope.org_September2020_CTA.json.gz,6,category
Event_aidansredenvelope.org_September2020_CTA.json.gz,7,ItemAvailability
Event_aidansredenvelope.org_September2020_CTA.json.gz,9,DateTime
Event_aidansredenvelope.org_September2020_CTA.json.gz,10,Organization
Event_aidansredenvelope.org_September2020_CTA.json.gz,11,telephone
Event_aidansredenvelope.org_September2020_CTA.json.gz,12,IdentifierAT
Event_aidansredenvelope.org_September2020_CTA.json.gz,13,currency
Event_aipolicy.xyz_September2020_CTA.json.gz,1,Event/name
Event_aipolicy.xyz_September2020_CTA.json.gz,4,Event/name
Event_aipolicy.xyz_September2020_CTA.json.gz,3,EventStatusType
Event_aipolicy.xyz_September2020_CTA.json.gz,5,Organization
Event_aipolicy.xyz_September2020_CTA.json.gz,6,EventAttendanceModeEnumeration
Event_alaskatourjobs.com_September2020_CTA.json.gz,1,Event/name
Event_alaskatourjobs.com_September2020_CTA.json.gz,2,Event/description
Event_alaskatourjobs.com_September2020_CTA.json.gz,8,Place/name
Event_alifetimeexperience.com_September2020_CTA.json.gz,2,EventStatusType
Event_alifetimeexperience.com_September2020_CTA.json.gz,3,URL
Event_alifetimeexperience.com_September2020_CTA.json.gz,5,ItemAvailability
Event_alifetimeexperience.com_September2020_CTA.json.gz,7,price
Event_altinc.co.uk_September2020_CTA.json.gz,3,EventStatusType
Event_altinc.co.uk_September2020_CTA.json.gz,4,EventAttendanceModeEnumeration
Event_altinc.co.uk_September2020_CTA.json.gz,5,PostalAddress
Event_altinc.co.uk_September2020_CTA.json.gz,6,Place/name
Event_altinc.co.uk_September2020_CTA.json.gz,2,Event/description
Event_altinc.co.uk_September2020_CTA.json.gz,1,Event/name
Event_artscapeweston.ca_September2020_CTA.json.gz,5,currency
Event_artscapeweston.ca_September2020_CTA.json.gz,6,category
Event_artscapeweston.ca_September2020_CTA.json.gz,7,DateTime
Event_artscapeweston.ca_September2020_CTA.json.gz,8,ItemAvailability
Event_artscapeweston.ca_September2020_CTA.json.gz,9,price
Event_artscapeweston.ca_September2020_CTA.json.gz,10,Event/name
Event_artscapeweston.ca_September2020_CTA.json.gz,11,Event/description
Event_asherstrategies.com_September2020_CTA.json.gz,4,Place/name
Event_asherstrategies.com_September2020_CTA.json.gz,5,DateTime
Event_asherstrategies.com_September2020_CTA.json.gz,6,category
Event_asherstrategies.com_September2020_CTA.json.gz,9,ItemAvailability
Event_asherstrategies.com_September2020_CTA.json.gz,10,Person/name
Event_asherstrategies.com_September2020_CTA.json.gz,11,currency
Event_asherstrategies.com_September2020_CTA.json.gz,12,telephone
Event_asherstrategies.com_September2020_CTA.json.gz,13,IdentifierAT
Event_aurorahistory.net_September2020_CTA.json.gz,4,Organization
Event_aurorahistory.net_September2020_CTA.json.gz,6,DateTime
Event_aurorahistory.net_September2020_CTA.json.gz,7,category
Event_aurorahistory.net_September2020_CTA.json.gz,9,ItemAvailability
Event_avchamber.org_September2020_CTA.json.gz,1,Event/name
Event_avchamber.org_September2020_CTA.json.gz,3,EventStatusType
Event_avchamber.org_September2020_CTA.json.gz,4,Event/name
Event_avchamber.org_September2020_CTA.json.gz,5,Place/name
Event_bacps.net_September2020_CTA.json.gz,1,Event/description
Event_bacps.net_September2020_CTA.json.gz,2,EventStatusType
Event_bacps.net_September2020_CTA.json.gz,5,EventAttendanceModeEnumeration
Event_banburyfolkclub.co.uk_September2020_CTA.json.gz,1,Event/name
Event_banburyfolkclub.co.uk_September2020_CTA.json.gz,2,Event/description
Event_banburyfolkclub.co.uk_September2020_CTA.json.gz,4,category
Event_banburyfolkclub.co.uk_September2020_CTA.json.gz,5,price
Event_banburyfolkclub.co.uk_September2020_CTA.json.gz,7,ItemAvailability
Event_bancf.com_September2020_CTA.json.gz,1,Event/name
Event_bancf.com_September2020_CTA.json.gz,2,EventStatusType
Event_bancf.com_September2020_CTA.json.gz,4,Event/description
Event_bancf.com_September2020_CTA.json.gz,5,Place/name
Event_beecraftmead.com_September2020_CTA.json.gz,6,streetAddress
Event_beecraftmead.com_September2020_CTA.json.gz,3,EventStatusType
Event_beecraftmead.com_September2020_CTA.json.gz,4,EventAttendanceModeEnumeration
Event_besewbizzy.com_September2020_CTA.json.gz,5,PostalAddress
Event_besewbizzy.com_September2020_CTA.json.gz,7,EventStatusType
Event_besewbizzy.com_September2020_CTA.json.gz,4,EventAttendanceModeEnumeration
Event_bethami.org_September2020_CTA.json.gz,4,telephone
Event_bethami.org_September2020_CTA.json.gz,5,Place/name
Event_bethami.org_September2020_CTA.json.gz,7,Person/name
Event_bethami.org_September2020_CTA.json.gz,9,URL
Event_bridportandwestbay.co.uk_September2020_CTA.json.gz,1,Event/name
Event_bridportandwestbay.co.uk_September2020_CTA.json.gz,2,Event/description
Event_bridportandwestbay.co.uk_September2020_CTA.json.gz,3,EventStatusType
Event_bridportandwestbay.co.uk_September2020_CTA.json.gz,4,URL
Event_bridportandwestbay.co.uk_September2020_CTA.json.gz,5,Place/name
Event_centrohispanomarista.org_September2020_CTA.json.gz,4,addressLocality
Event_centrohispanomarista.org_September2020_CTA.json.gz,5,Place/name
Event_centrohispanomarista.org_September2020_CTA.json.gz,6,telephone
Event_centrohispanomarista.org_September2020_CTA.json.gz,7,IdentifierAT
Event_championsforchildren.org_September2020_CTA.json.gz,2,Event/description
Event_championsforchildren.org_September2020_CTA.json.gz,3,EventStatusType
Event_championsforchildren.org_September2020_CTA.json.gz,4,EventAttendanceModeEnumeration
Event_championsforchildren.org_September2020_CTA.json.gz,6,PostalAddress
Event_clio.com_September2020_CTA.json.gz,3,Organization
Event_clio.com_September2020_CTA.json.gz,2,Event/description
Event_clio.com_September2020_CTA.json.gz,1,Event/name
Event_codejoy.com.au_September2020_CTA.json.gz,1,Event/name
Event_codejoy.com.au_September2020_CTA.json.gz,4,EventAttendanceModeEnumeration
Event_codejoy.com.au_September2020_CTA.json.gz,6,EventStatusType
LocalBusiness_360towingsolutions.com_September2020_CTA.json.gz,4,openingHours
LocalBusiness_360towingsolutions.com_September2020_CTA.json.gz,1,LocalBusiness/name
LocalBusiness_360towingsolutions.com_September2020_CTA.json.gz,2,paymentAccepted
LocalBusiness_allareasairconditioning.net.au_September2020_CTA.json.gz,0,LocalBusiness/name
LocalBusiness_allareasairconditioning.net.au_September2020_CTA.json.gz,1,PostalAddress
LocalBusiness_allareasairconditioning.net.au_September2020_CTA.json.gz,2,Number
LocalBusiness_allinholidays.gr_September2020_CTA.json.gz,1,addressLocality
LocalBusiness_allinholidays.gr_September2020_CTA.json.gz,6,Photograph
LocalBusiness_allinholidays.gr_September2020_CTA.json.gz,4,openingHours
LocalBusiness_alpharettaonline.us_September2020_CTA.json.gz,0,LocalBusiness/name
LocalBusiness_alpharettaonline.us_September2020_CTA.json.gz,3,postalCode
LocalBusiness_alpharettaonline.us_September2020_CTA.json.gz,4,streetAddress
LocalBusiness_alpharettaonline.us_September2020_CTA.json.gz,6,addressRegion
LocalBusiness_amadaseniorcare.com_September2020_CTA.json.gz,1,telephone
LocalBusiness_amadaseniorcare.com_September2020_CTA.json.gz,3,LocalBusiness/name
LocalBusiness_amadaseniorcare.com_September2020_CTA.json.gz,4,postalCode
LocalBusiness_amadaseniorcare.com_September2020_CTA.json.gz,5,addressRegion
LocalBusiness_amadaseniorcare.com_September2020_CTA.json.gz,6,CoordinateAT
LocalBusiness_amadaseniorcare.com_September2020_CTA.json.gz,7,CoordinateAT
LocalBusiness_amadaseniorcare.com_September2020_CTA.json.gz,8,Review
LocalBusiness_amadaseniorcare.com_September2020_CTA.json.gz,9,streetAddress
LocalBusiness_atlantaonline.us_September2020_CTA.json.gz,0,LocalBusiness/name
LocalBusiness_atlantaonline.us_September2020_CTA.json.gz,4,addressRegion
LocalBusiness_atlantaonline.us_September2020_CTA.json.gz,5,postalCode
LocalBusiness_atlantaonline.us_September2020_CTA.json.gz,6,streetAddress
LocalBusiness_benefitpitch.com_September2020_CTA.json.gz,0,LocalBusiness/name
LocalBusiness_benefitpitch.com_September2020_CTA.json.gz,3,email
LocalBusiness_benefitpitch.com_September2020_CTA.json.gz,1,telephone
LocalBusiness_benefitpitch.com_September2020_CTA.json.gz,6,Photograph
LocalBusiness_bluentcad.com_September2020_CTA.json.gz,0,LocalBusiness/name
LocalBusiness_bluentcad.com_September2020_CTA.json.gz,3,openingHours
LocalBusiness_bradytx.com_September2020_CTA.json.gz,0,LocalBusiness/name
LocalBusiness_capecodmuseumtrail.com_September2020_CTA.json.gz,1,email
LocalBusiness_capecodmuseumtrail.com_September2020_CTA.json.gz,0,Place/name
Movie_businessblog.cn_September2020_CTA.json.gz,13,Number
Movie_businessblog.cn_September2020_CTA.json.gz,2,Date
Movie_businessblog.cn_September2020_CTA.json.gz,1,Movie/description
Movie_businessblog.cn_September2020_CTA.json.gz,0,Movie/name
Movie_businessblog.cn_September2020_CTA.json.gz,11,Review
Movie_businessblog.cn_September2020_CTA.json.gz,3,Rating
Movie_instagoodtv.com_September2020_CTA.json.gz,0,Movie/name
Movie_instagoodtv.com_September2020_CTA.json.gz,1,Movie/description
Movie_instagoodtv.com_September2020_CTA.json.gz,3,Duration
Movie_instagoodtv.com_September2020_CTA.json.gz,4,URL
Movie_metacritic.com_September2020_CTA.json.gz,0,Movie/name
Movie_metacritic.com_September2020_CTA.json.gz,1,Movie/description
Movie_metacritic.com_September2020_CTA.json.gz,4,Rating
Movie_popcorntime.watch_September2020_CTA.json.gz,1,Movie/description
Movie_popcorntime.watch_September2020_CTA.json.gz,0,Movie/name
Movie_popcorntime.watch_September2020_CTA.json.gz,7,Rating
Movie_putlocker123.today_September2020_CTA.json.gz,2,Date
Movie_putlocker123.today_September2020_CTA.json.gz,8,Duration
Movie_putlocker123.today_September2020_CTA.json.gz,0,Movie/name
Movie_putlocker123.today_September2020_CTA.json.gz,3,Rating
Movie_sify.com_September2020_CTA.json.gz,0,Movie/description
Movie_sify.com_September2020_CTA.json.gz,1,Movie/name
Movie_sify.com_September2020_CTA.json.gz,2,Language
Movie_vmoveehd.com_September2020_CTA.json.gz,5,Date
Movie_vmoveehd.com_September2020_CTA.json.gz,2,Duration
Movie_vmoveehd.com_September2020_CTA.json.gz,1,Movie/description
Movie_vmoveehd.com_September2020_CTA.json.gz,0,Movie/name
Movie_vmoveehd.com_September2020_CTA.json.gz,3,Rating
Movie_worklizard.com_September2020_CTA.json.gz,1,Movie/name
Movie_worklizard.com_September2020_CTA.json.gz,2,Duration
Movie_worklizard.com_September2020_CTA.json.gz,11,Movie/description
Movie_terbit21.pw_September2020_CTA.json.gz,0,Movie/name
Movie_terbit21.pw_September2020_CTA.json.gz,2,DateTime
Movie_terbit21.pw_September2020_CTA.json.gz,1,Movie/name
Movie_terbit21.pw_September2020_CTA.json.gz,9,MusicArtistAT
Movie_ragalahari.com_September2020_CTA.json.gz,4,Person/name
Movie_ragalahari.com_September2020_CTA.json.gz,9,Person/name
Movie_ragalahari.com_September2020_CTA.json.gz,6,Organization
Movie_ragalahari.com_September2020_CTA.json.gz,1,Movie/name
Movie_ragalahari.com_September2020_CTA.json.gz,0,Movie/name
Movie_justwatch.com_September2020_CTA.json.gz,0,Movie/description
Movie_justwatch.com_September2020_CTA.json.gz,1,Movie/name
Movie_justwatch.com_September2020_CTA.json.gz,3,Rating
Movie_chadrschulz.com_September2020_CTA.json.gz,8,Date
Movie_chadrschulz.com_September2020_CTA.json.gz,2,Rating
Movie_chadrschulz.com_September2020_CTA.json.gz,1,Movie/name
Movie_bigscreen.com_September2020_CTA.json.gz,3,Person/name
Movie_bigscreen.com_September2020_CTA.json.gz,0,Movie/name
Movie_bigscreen.com_September2020_CTA.json.gz,1,Movie/description
Movie_bigscreen.com_September2020_CTA.json.gz,5,Rating
Movie_bestbuy.com_September2020_CTA.json.gz,0,Movie/name
Movie_bestbuy.com_September2020_CTA.json.gz,1,Movie/description
Movie_bestbuy.com_September2020_CTA.json.gz,3,Rating
MusicRecording_alexmartinmusic.com_September2020_CTA.json.gz,0,MusicRecording/name
MusicRecording_alexmartinmusic.com_September2020_CTA.json.gz,2,MusicArtistAT
MusicRecording_albumtory.ru_September2020_CTA.json.gz,2,MusicArtistAT
MusicRecording_albumtory.ru_September2020_CTA.json.gz,3,MusicAlbum/name
MusicRecording_ancientlyre.com_September2020_CTA.json.gz,1,MusicRecording/name
MusicRecording_ancientlyre.com_September2020_CTA.json.gz,3,MusicAlbum/name
MusicRecording_ancientlyre.com_September2020_CTA.json.gz,4,MusicArtistAT
MusicRecording_driftingsun.co.uk_September2020_CTA.json.gz,0,MusicRecording/name
MusicRecording_driftingsun.co.uk_September2020_CTA.json.gz,2,MusicArtistAT
MusicRecording_dirtfoot.com_September2020_CTA.json.gz,0,MusicRecording/name
MusicRecording_dirtfoot.com_September2020_CTA.json.gz,2,MusicRecording/name
MusicRecording_dirtfoot.com_September2020_CTA.json.gz,3,MusicArtistAT
MusicRecording_derekflynnmusic.com_September2020_CTA.json.gz,0,MusicRecording/name
MusicRecording_derekflynnmusic.com_September2020_CTA.json.gz,2,MusicArtistAT
MusicRecording_derekflynnmusic.com_September2020_CTA.json.gz,3,MusicAlbum/name
MusicRecording_deatonlemayproject.com_September2020_CTA.json.gz,0,MusicRecording/name
MusicRecording_deatonlemayproject.com_September2020_CTA.json.gz,3,MusicAlbum/name
MusicRecording_deatonlemayproject.com_September2020_CTA.json.gz,4,MusicArtistAT
MusicRecording_dananibal.com_September2020_CTA.json.gz,0,MusicRecording/name
MusicRecording_dananibal.com_September2020_CTA.json.gz,4,MusicArtistAT
MusicRecording_dananibal.com_September2020_CTA.json.gz,2,MusicAlbum/name
Person_advancedbatteriesresearch.com_September2020_CTA.json.gz,0,Person/name
Person_advancedbatteriesresearch.com_September2020_CTA.json.gz,2,email
Person_bollywoodhungama.com_September2020_CTA.json.gz,2,GenderType
Person_bollywoodhungama.com_September2020_CTA.json.gz,1,Person/name
Person_bulldogs.com.au_September2020_CTA.json.gz,3,Distance
Person_bulldogs.com.au_September2020_CTA.json.gz,4,weight
Person_codedruns.com_September2020_CTA.json.gz,0,Person/name
Person_codedruns.com_September2020_CTA.json.gz,1,GenderType
Person_digichef.cz_September2020_CTA.json.gz,2,GenderType
Person_digichef.cz_September2020_CTA.json.gz,0,Person/name
Person_dragons.com.au_September2020_CTA.json.gz,3,Date
Person_dragons.com.au_September2020_CTA.json.gz,4,Distance
Person_dragons.com.au_September2020_CTA.json.gz,6,weight
Person_fcbarcelona.com_September2020_CTA.json.gz,0,Brand
Person_fcbarcelona.com_September2020_CTA.json.gz,5,weight
Person_fcbarcelona.com_September2020_CTA.json.gz,6,Distance
Person_fcbarcelona.com_September2020_CTA.json.gz,3,Country
Person_generationt.asia_September2020_CTA.json.gz,3,GenderType
Person_gwblawfirm.com_September2020_CTA.json.gz,2,email
Person_gwblawfirm.com_September2020_CTA.json.gz,6,Country
Person_gwblawfirm.com_September2020_CTA.json.gz,4,GenderType
Person_itsax.de_September2020_CTA.json.gz,3,GenderType
Person_itsax.de_September2020_CTA.json.gz,2,email
Person_itsax.de_September2020_CTA.json.gz,0,Person/name
Person_jacquieetmichelelite.com_September2020_CTA.json.gz,2,GenderType
Person_jacquieetmichelelite.com_September2020_CTA.json.gz,1,Person/name
Person_mm52.com_September2020_CTA.json.gz,3,GenderType
Person_moneydoneright.com_September2020_CTA.json.gz,3,GenderType
Person_gli-sport.info_September2020_CTA.json.gz,3,GenderType
Person_gli-sport.info_September2020_CTA.json.gz,1,Person/name
Product_3ptechies.com_September2020_CTA.json.gz,2,price
Product_3ptechies.com_September2020_CTA.json.gz,3,currency
Product_3ptechies.com_September2020_CTA.json.gz,4,price
Product_3ptechies.com_September2020_CTA.json.gz,5,URL
Product_3ptechies.com_September2020_CTA.json.gz,7,Product/name
Product_7layerskinz.com_September2020_CTA.json.gz,0,Product/description
Product_7layerskinz.com_September2020_CTA.json.gz,2,currency
Product_7layerskinz.com_September2020_CTA.json.gz,3,price
Product_7layerskinz.com_September2020_CTA.json.gz,5,Organization
Product_7layerskinz.com_September2020_CTA.json.gz,6,weight
Product_7layerskinz.com_September2020_CTA.json.gz,7,ItemAvailability
Product_9thstreetitalianmarket.com_September2020_CTA.json.gz,3,category
Product_9thstreetitalianmarket.com_September2020_CTA.json.gz,4,Brand
Product_9thstreetitalianmarket.com_September2020_CTA.json.gz,5,ProductModel
Product_9thstreetitalianmarket.com_September2020_CTA.json.gz,11,OfferItemCondition
Product_9thstreetitalianmarket.com_September2020_CTA.json.gz,14,ItemAvailability
Product_9thstreetitalianmarket.com_September2020_CTA.json.gz,21,unitCode
Product_9thstreetitalianmarket.com_September2020_CTA.json.gz,23,Number
Product_9thstreetitalianmarket.com_September2020_CTA.json.gz,24,unitCode
Product_9thstreetitalianmarket.com_September2020_CTA.json.gz,25,unitCode
Product_9thstreetitalianmarket.com_September2020_CTA.json.gz,26,Number
Product_9thstreetitalianmarket.com_September2020_CTA.json.gz,27,Number
Product_9thstreetitalianmarket.com_September2020_CTA.json.gz,22,weight
Product_abouttimetoo.com_September2020_CTA.json.gz,5,DateTime
Product_abouttimetoo.com_September2020_CTA.json.gz,6,OfferItemCondition
Product_abouttimetoo.com_September2020_CTA.json.gz,8,currency
Product_abouttimetoo.com_September2020_CTA.json.gz,7,ItemAvailability
Product_abouttimetoo.com_September2020_CTA.json.gz,3,category
Product_adithiel.com_September2020_CTA.json.gz,0,Product/name
Product_adithiel.com_September2020_CTA.json.gz,2,currency
Product_adithiel.com_September2020_CTA.json.gz,3,ItemAvailability
Product_adithiel.com_September2020_CTA.json.gz,4,Date
Product_adithiel.com_September2020_CTA.json.gz,5,price
Product_adithiel.com_September2020_CTA.json.gz,6,IdentifierAT
Product_adreamfit.com_September2020_CTA.json.gz,3,weight
Product_adreamfit.com_September2020_CTA.json.gz,2,OfferItemCondition
Product_aedshop.com.au_September2020_CTA.json.gz,0,URL
Product_aedshop.com.au_September2020_CTA.json.gz,2,currency
Product_aedshop.com.au_September2020_CTA.json.gz,4,URL
Product_airmidsoap.com_September2020_CTA.json.gz,3,OfferItemCondition
Product_airmidsoap.com_September2020_CTA.json.gz,7,DateTime
Product_airmidsoap.com_September2020_CTA.json.gz,6,currency
Product_airmidsoap.com_September2020_CTA.json.gz,8,Brand
Product_albertvillememorialchapel.com_September2020_CTA.json.gz,0,URL
Product_albertvillememorialchapel.com_September2020_CTA.json.gz,1,Product/name
Product_albertvillememorialchapel.com_September2020_CTA.json.gz,2,Photograph
Product_albertvillememorialchapel.com_September2020_CTA.json.gz,8,Product/name
Product_albertvillememorialchapel.com_September2020_CTA.json.gz,7,Review
Product_alejapodroznikow.pl_September2020_CTA.json.gz,0,Product/name
Product_alejapodroznikow.pl_September2020_CTA.json.gz,1,IdentifierAT
Product_alejapodroznikow.pl_September2020_CTA.json.gz,2,ItemAvailability
Product_alejapodroznikow.pl_September2020_CTA.json.gz,3,price
Product_alejapodroznikow.pl_September2020_CTA.json.gz,4,currency
Product_all-about-bullmastiff-dog-breed.com_September2020_CTA.json.gz,1,Product/name
Product_all-about-bullmastiff-dog-breed.com_September2020_CTA.json.gz,5,category
Product_all-about-bullmastiff-dog-breed.com_September2020_CTA.json.gz,3,ProductModel
Product_alliancecoffeeandwater.com_September2020_CTA.json.gz,0,Product/name
Product_alliancecoffeeandwater.com_September2020_CTA.json.gz,1,Product/description
Product_alliancecoffeeandwater.com_September2020_CTA.json.gz,2,currency
Product_alliancecoffeeandwater.com_September2020_CTA.json.gz,3,price
Product_alliancecoffeeandwater.com_September2020_CTA.json.gz,4,Brand
Product_alliancecoffeeandwater.com_September2020_CTA.json.gz,5,ItemAvailability
Product_ambajewel.com_September2020_CTA.json.gz,1,Product/description
Product_ambajewel.com_September2020_CTA.json.gz,2,IdentifierAT
Product_ambajewel.com_September2020_CTA.json.gz,3,Product/description
Product_ambajewel.com_September2020_CTA.json.gz,4,weight
Product_ambajewel.com_September2020_CTA.json.gz,7,Photograph
Product_arcsupplies.com_September2020_CTA.json.gz,0,Product/name
Product_arcsupplies.com_September2020_CTA.json.gz,1,Product/description
Product_arcsupplies.com_September2020_CTA.json.gz,2,URL
Product_arcsupplies.com_September2020_CTA.json.gz,3,IdentifierAT
Product_arcsupplies.com_September2020_CTA.json.gz,10,unitText
Product_atkinsnorthlandfuneralhome.com_September2020_CTA.json.gz,0,Product/name
Product_atkinsnorthlandfuneralhome.com_September2020_CTA.json.gz,8,Product/name
Product_atkinsnorthlandfuneralhome.com_September2020_CTA.json.gz,7,Review
Product_atkinsnorthlandfuneralhome.com_September2020_CTA.json.gz,1,URL
Product_atkinsnorthlandfuneralhome.com_September2020_CTA.json.gz,5,Photograph
Product_atlanticmedsupply.com_September2020_CTA.json.gz,0,Product/name
Product_atlanticmedsupply.com_September2020_CTA.json.gz,1,Product/description
Product_atlanticmedsupply.com_September2020_CTA.json.gz,6,weight
Product_atlanticmedsupply.com_September2020_CTA.json.gz,9,Distance
Product_atlanticmedsupply.com_September2020_CTA.json.gz,11,Distance
Product_automotive-interiors.com_September2020_CTA.json.gz,0,Product/name
Product_automotive-interiors.com_September2020_CTA.json.gz,1,Product/description
Product_automotive-interiors.com_September2020_CTA.json.gz,2,Photograph
Product_automotive-interiors.com_September2020_CTA.json.gz,3,Brand
Product_automotive-interiors.com_September2020_CTA.json.gz,6,category
Product_automotive-interiors.com_September2020_CTA.json.gz,10,OfferItemCondition
Product_automotive-interiors.com_September2020_CTA.json.gz,5,IdentifierAT
Product_babyartikelcheck.de_September2020_CTA.json.gz,0,Product/name
Product_babyartikelcheck.de_September2020_CTA.json.gz,4,ProductModel
Product_babyartikelcheck.de_September2020_CTA.json.gz,6,unitCode
Product_babyartikelcheck.de_September2020_CTA.json.gz,8,unitCode
Product_babyartikelcheck.de_September2020_CTA.json.gz,10,unitCode
Product_babyartikelcheck.de_September2020_CTA.json.gz,11,unitCode
Product_babyartikelcheck.de_September2020_CTA.json.gz,7,Number
Product_babyartikelcheck.de_September2020_CTA.json.gz,9,price
Product_babyartikelcheck.de_September2020_CTA.json.gz,13,Number
Product_babyartikelcheck.de_September2020_CTA.json.gz,12,Number
Product_balooliving.com_September2020_CTA.json.gz,0,Product/name
Product_balooliving.com_September2020_CTA.json.gz,1,Product/description
Product_balooliving.com_September2020_CTA.json.gz,2,ItemAvailability
Product_balooliving.com_September2020_CTA.json.gz,4,price
Product_balooliving.com_September2020_CTA.json.gz,5,currency
Product_balooliving.com_September2020_CTA.json.gz,6,weight
Product_balooliving.com_September2020_CTA.json.gz,7,Brand
Product_bananadockscatering.com_September2020_CTA.json.gz,0,Product/description
Product_bananadockscatering.com_September2020_CTA.json.gz,1,Product/name
Product_bananadockscatering.com_September2020_CTA.json.gz,2,Brand
Product_bananadockscatering.com_September2020_CTA.json.gz,5,category
Product_bananadockscatering.com_September2020_CTA.json.gz,11,OfferItemCondition
Product_bananadockscatering.com_September2020_CTA.json.gz,9,ProductModel
Product_bananadockscatering.com_September2020_CTA.json.gz,19,Number
Product_bananadockscatering.com_September2020_CTA.json.gz,23,Number
Product_bananadockscatering.com_September2020_CTA.json.gz,24,Number
Product_catalinamcreates.com_September2020_CTA.json.gz,0,Product/name
Product_catalinamcreates.com_September2020_CTA.json.gz,1,Product/description
Product_catalinamcreates.com_September2020_CTA.json.gz,2,price
Product_catalinamcreates.com_September2020_CTA.json.gz,3,currency
Product_cedarlakestore.com_September2020_CTA.json.gz,2,URL
Product_cedarlakestore.com_September2020_CTA.json.gz,4,Photograph
Product_cedarlakestore.com_September2020_CTA.json.gz,10,unitText
Product_celestialsilk.com_September2020_CTA.json.gz,1,Product/name
Product_celestialsilk.com_September2020_CTA.json.gz,0,Product/description
Product_celestialsilk.com_September2020_CTA.json.gz,5,currency
Product_celestialsilk.com_September2020_CTA.json.gz,4,Brand
Product_celestialsilk.com_September2020_CTA.json.gz,2,ItemAvailability
Product_centralofficeinteriors.com_September2020_CTA.json.gz,21,unitCode
Product_centralofficeinteriors.com_September2020_CTA.json.gz,24,unitCode
Product_centralofficeinteriors.com_September2020_CTA.json.gz,27,unitCode
Product_centralofficeinteriors.com_September2020_CTA.json.gz,3,Product/name
Product_centralofficeinteriors.com_September2020_CTA.json.gz,5,Brand
Product_centralofficeinteriors.com_September2020_CTA.json.gz,9,ItemAvailability
Product_centralofficeinteriors.com_September2020_CTA.json.gz,10,OfferItemCondition
Product_centralofficeinteriors.com_September2020_CTA.json.gz,23,Number
Product_centralofficeinteriors.com_September2020_CTA.json.gz,25,Number
Product_centralofficeinteriors.com_September2020_CTA.json.gz,26,Number
Product_centralofficeinteriors.com_September2020_CTA.json.gz,7,ProductModel
Product_centralofficeinteriors.com_September2020_CTA.json.gz,20,Number
Product_blackpaint.sg_September2020_CTA.json.gz,20,unitText
Product_blackpaint.sg_September2020_CTA.json.gz,18,unitText
Product_blackpaint.sg_September2020_CTA.json.gz,7,ItemAvailability
Product_blackpaint.sg_September2020_CTA.json.gz,16,weight
Product_blackpaint.sg_September2020_CTA.json.gz,17,Distance
Product_blackpaint.sg_September2020_CTA.json.gz,19,unitText
Product_blackpaint.sg_September2020_CTA.json.gz,21,price
Product_blackpaint.sg_September2020_CTA.json.gz,13,Review
Product_dc-profi.de_September2020_CTA.json.gz,0,Product/name
Product_dc-profi.de_September2020_CTA.json.gz,1,Product/name
Product_dc-profi.de_September2020_CTA.json.gz,7,unitText
Product_divas-club.de_September2020_CTA.json.gz,0,Product/name
Product_divas-club.de_September2020_CTA.json.gz,1,Product/name
Product_divas-club.de_September2020_CTA.json.gz,8,unitText
Product_devilsatwork.de_September2020_CTA.json.gz,0,Product/name
Product_devilsatwork.de_September2020_CTA.json.gz,1,Product/name
Product_devilsatwork.de_September2020_CTA.json.gz,7,weight
Product_devilsatwork.de_September2020_CTA.json.gz,6,unitText
Product_felibaby.com_September2020_CTA.json.gz,0,Product/name
Product_felibaby.com_September2020_CTA.json.gz,1,Product/name
Product_felibaby.com_September2020_CTA.json.gz,8,unitText
Product_gledopto.eu_September2020_CTA.json.gz,0,Product/name
Product_gledopto.eu_September2020_CTA.json.gz,1,Product/name
Product_gledopto.eu_September2020_CTA.json.gz,7,unitText
Product_goldfinchfuneralhome.com_September2020_CTA.json.gz,4,OfferItemCondition
Product_goldfinchfuneralhome.com_September2020_CTA.json.gz,8,Product/name
Product_goldfinchfuneralhome.com_September2020_CTA.json.gz,7,Review
Hotel_tourism-carcassonne.co.uk_September2020_CTA.json.gz,3,paymentAccepted
Hotel_tourism-carcassonne.co.uk_September2020_CTA.json.gz,0,Hotel/name
LocalBusiness_cainsmobility.com_September2020_CTA.json.gz,0,LocalBusiness/name
LocalBusiness_cainsmobility.com_September2020_CTA.json.gz,2,openingHours
LocalBusiness_cainsmobility.com_September2020_CTA.json.gz,3,paymentAccepted
LocalBusiness_dogobedienceandtraining.com_September2020_CTA.json.gz,2,priceRange
LocalBusiness_dogobedienceandtraining.com_September2020_CTA.json.gz,0,Organization
LocalBusiness_dogobedienceandtraining.com_September2020_CTA.json.gz,4,addressRegion
LocalBusiness_dogobedienceandtraining.com_September2020_CTA.json.gz,5,postalCode
LocalBusiness_dogobedienceandtraining.com_September2020_CTA.json.gz,6,addressLocality
LocalBusiness_dogobedienceandtraining.com_September2020_CTA.json.gz,7,Country
LocalBusiness_dogobedienceandtraining.com_September2020_CTA.json.gz,8,streetAddress
LocalBusiness_dogobedienceandtraining.com_September2020_CTA.json.gz,11,DayOfWeek
LocalBusiness_instylenailsnm.com_September2020_CTA.json.gz,3,priceRange
LocalBusiness_instylenailsnm.com_September2020_CTA.json.gz,4,openingHours
LocalBusiness_instylenailsnm.com_September2020_CTA.json.gz,5,paymentAccepted
LocalBusiness_instylenailsnm.com_September2020_CTA.json.gz,9,email
LocalBusiness_jylawoffice.com_September2020_CTA.json.gz,1,LocalBusiness/name
LocalBusiness_jylawoffice.com_September2020_CTA.json.gz,2,Country
LocalBusiness_jylawoffice.com_September2020_CTA.json.gz,3,addressRegion
LocalBusiness_jylawoffice.com_September2020_CTA.json.gz,4,streetAddress
LocalBusiness_jylawoffice.com_September2020_CTA.json.gz,5,addressLocality
LocalBusiness_jylawoffice.com_September2020_CTA.json.gz,6,postalCode
LocalBusiness_jylawoffice.com_September2020_CTA.json.gz,11,DayOfWeek
LocalBusiness_pestcontrollersnearme.com.au_September2020_CTA.json.gz,3,priceRange
LocalBusiness_pestcontrollersnearme.com.au_September2020_CTA.json.gz,0,LocalBusiness/name
LocalBusiness_pestcontrollersnearme.com.au_September2020_CTA.json.gz,4,postalCode
LocalBusiness_pestcontrollersnearme.com.au_September2020_CTA.json.gz,6,addressLocality
LocalBusiness_pestcontrollersnearme.com.au_September2020_CTA.json.gz,7,streetAddress
LocalBusiness_pestcontrollersnearme.com.au_September2020_CTA.json.gz,8,addressRegion
LocalBusiness_pestcontrollersnearme.com.au_September2020_CTA.json.gz,20,DayOfWeek
Product_badcattoys.com_September2020_CTA.json.gz,22,unitCode
Product_badcattoys.com_September2020_CTA.json.gz,3,category
Product_badcattoys.com_September2020_CTA.json.gz,6,Brand
Product_badcattoys.com_September2020_CTA.json.gz,10,ItemAvailability
Product_badcattoys.com_September2020_CTA.json.gz,11,OfferItemCondition
Product_badcattoys.com_September2020_CTA.json.gz,21,Number
Product_badcattoys.com_September2020_CTA.json.gz,23,Number
Product_badcattoys.com_September2020_CTA.json.gz,24,unitCode
Product_badcattoys.com_September2020_CTA.json.gz,26,Number
Product_badcattoys.com_September2020_CTA.json.gz,27,unitCode
Product_badcattoys.com_September2020_CTA.json.gz,5,ProductModel
SportsEvent_cuescore.com_September2020_CTA.json.gz,1,SportsEvent/name
SportsEvent_cuescore.com_September2020_CTA.json.gz,3,EventAttendanceModeEnumeration
